BLA,BLP,LU,BL,SBLU,SLR
17020.621,623.928,R,0.584368762337801,"A, G, R","primary, tertiary"
3894.159,811.414,G,0.563376810123285,"A, E, G, R","primary, tertiary"
2009.116,422.4,G,0.619095446992146,"E, G","primary, tertiary"
18242.538,1198.669,E,0.529562943420222,"E, G, R","primary, tertiary"
1627.86,382.418,G,0.456128653193557,"E, G","primary, tertiary"
4948.878,1111.199,G,0.528056599538923,"E, G",primary
1834.998,385.968,G,0.645691335298385,"A, G, R","primary, tertiary"
23637.594,611.779,R,0.592505970164581,"A, G, R","primary, tertiary"
5039.297,396.926,E,0.174583179314657,"G, R","primary, secondary, tertiary"
1085.037,343.919,G,0.187323002724248,"A, G, R","primary, secondary, tertiary"
16740.703,535.06,B,0.470297026754542,"A, G","primary, tertiary"
1014.505,224.231,G,0.54303312717916,G,"primary, tertiary"
979.249,216.051,G,0.523161879262273,"E, G, U","secondary, tertiary"
2111.045,189.207,G,0.560382086520338,"E, G, U",secondary
9111.977,418.307,G,0.575346767244078,"E, G, U","secondary, tertiary"
21646.192,615.423,B,0.470201330294996,"A, B, G","primary, tertiary"
1116.349,241.994,G,0.557500851130009,"B, G","primary, tertiary"
6170.382,451.258,E,0.889225099300004,"B, E, G",tertiary
57587.377,999.975,G,1.0,"E, G","secondary, tertiary"
12183.946,434.596,B,0.043475389511049,B,"primary, tertiary"
12317.307,438.974,B,0.085919768650066,"B, R","primary, tertiary"
14652.923,482.895,B,0.029505428629237,"B, G","primary, tertiary"
53566.409,971.844,R,0.427650201416054,"B, G, R","secondary, tertiary"
3294.933,420.45,G,0.541180392959385,"B, G","primary, secondary, tertiary"
36754.003,793.139,A,0.491895663552358,"A, G, R","primary, secondary, tertiary"
1692.421,359.671,G,0.573865194680154,G,"primary, secondary, tertiary"
30260.159,685.781,R,0.472999358184746,"A, E, G, R",tertiary
9580.716,389.321,R,0.617980370413724,"A, R",tertiary
5701.253,308.845,R,0.548178662892534,"A, R",tertiary
2031.336,195.991,E,0.298622014549256,"E, G","secondary, tertiary"
555.327,146.411,G,0.30400792941273,"A, E, G","secondary, tertiary"
1883.197,185.545,E,0.245713118651399,"E, G, R","secondary, tertiary"
483.794,130.093,G,0.25292931281675,"A, E, G","secondary, tertiary"
654.851,271.22,G,0.383576837470964,"E, G","primary, tertiary"
2635.11,303.788,E,0.373909978206453,"E, G","primary, tertiary"
1317.555,283.802,G,0.362545898912526,"E, G",tertiary
115112.377,1717.73,G,0.288567745432368,"A, B, G, R","primary, tertiary"
3174.074,271.743,E,0.083369033655568,"B, E, G","secondary, tertiary"
877.024,223.37,G,0.090888940901102,"A, B, E, G","secondary, tertiary"
18084.9,563.669,G,0.201800367294419,"A, B, G","primary, tertiary"
61582.996,1050.35,B,0.396110876393258,"B, G","primary, tertiary"
3137.14,402.196,G,0.533024839968555,"B, G","primary, tertiary"
579.281,244.895,G,0.446670229900578,"B, E, G","primary, tertiary"
2452.271,283.821,E,0.436259287574049,"B, E, G","primary, tertiary"
1227.739,265.813,G,0.425112365163513,"B, E, G",tertiary
17029.316,521.238,B,0.372478672918643,"B, E, G, R",tertiary
14412.317,476.443,B,0.022704327203876,"B, G","primary, secondary, tertiary"
12180.388,436.629,B,0.066664919479241,"A, B","primary, tertiary"
3265.157,278.704,E,0.067180786931382,"B, E, G","secondary, tertiary"
905.889,230.287,G,0.074424482753309,"B, G","secondary, tertiary"
9318.95,384.961,B,0.109642871539649,"B, G","secondary, tertiary"
3186.849,275.856,E,0.066628078239279,"E, G","secondary, tertiary"
917.815,231.53,G,0.073846195889446,"B, E, G","secondary, tertiary"
8352.322,368.533,G,0.048630559248251,"B, E, G",tertiary
1004.088,221.099,G,0.071878393664363,"E, G","primary, tertiary"
2908.848,258.08,E,0.078848793127263,"E, G","primary, secondary, tertiary"
481.776,204.318,G,0.085112299659667,"E, G","primary, secondary, tertiary"
12808.872,445.117,B,0.001614631755178,"B, G","primary, secondary, tertiary"
1923.966,381.093,G,0.115090490387043,"E, G","primary, tertiary"
5429.414,416.929,E,0.122946229210355,"B, E, G","primary, secondary, tertiary"
553.734,353.896,G,0.137761462266038,"B, E","secondary, tertiary"
11626.995,486.015,B,0.102783320385433,"B, E, G","primary, tertiary"
16470.999,521.426,B,0.071958956699554,G,"primary, tertiary"
76483.504,1325.582,G,0.582453027483819,U,"secondary, tertiary"
11595.783,447.885,U,0.449082932131232,U,"primary, secondary, tertiary"
266046.247,2776.821,G,0.514045925117654,"A, B, E, U","primary, secondary, tertiary"
9276.697,382.588,B,0.269664841292094,"B, G","secondary, tertiary"
7827.619,352.153,G,0.336186880712845,"B, G","secondary, tertiary"
12836.082,448.637,B,0.146019827971437,B,"primary, tertiary"
12805.291,445.837,B,0.19709023302342,B,"primary, secondary, tertiary"
11416.545,421.422,B,0.243881225391614,"B, G","secondary, tertiary"
2943.322,332.511,G,0.363204958677803,"E, G, R",tertiary
8131.736,402.789,R,0.358324106217426,"A, E, G, R",tertiary
4917.078,986.886,G,0.412300616973499,"A, E, G, R","primary, tertiary"
15525.68,1035.22,E,0.428701937790693,"A, E, G, R","primary, tertiary"
15923.738,1049.273,G,0.458101439327733,"E, G","primary, secondary"
9707.377,423.757,B,0.392559603688049,"B, E, G",tertiary
2939.153,332.081,B,0.382076010029782,"B, E, G",tertiary
17197.394,524.716,R,0.350377959853509,"A, E, G, R","primary, tertiary"
10736.911,1260.54,G,0.824162483681078,"E, G, U",residential
43468.123,1030.914,G,0.830880551540468,"A, B, E, G, U",tertiary
761.026,119.41,G,0.377561356869501,B,"secondary, tertiary"
13458.976,471.547,B,0.480961709381366,"B, G","secondary, tertiary"
21893.265,587.948,B,0.553816914760464,"B, G","secondary, tertiary"
505.269,215.288,G,0.401423799154139,"E, G","primary, tertiary"
2169.801,255.542,E,0.392414267680606,"E, G","primary, tertiary"
1095.564,239.348,G,0.381252450955952,"E, G","primary, tertiary"
23979.926,742.607,G,0.268029393923912,"E, G","primary, tertiary"
1068.741,231.248,G,0.395788805167829,"E, G","primary, tertiary"
2158.011,256.497,E,0.384077130799625,"E, G","primary, tertiary"
1081.652,236.558,G,0.37278354923392,"E, G","primary, tertiary"
9028.675,384.677,R,0.167188819091096,"G, R",tertiary
4570.0,271.418,R,0.130986158584775,"G, R","primary, tertiary"
1668.184,355.429,G,0.167226032805418,"G, R","primary, tertiary"
17366.507,524.665,R,0.311454666852551,"A, E, G, R",tertiary
13245.871,464.595,A,0.333514400534264,"A, B, G",tertiary
2879.856,250.804,E,0.110333152559405,"B, E, G","primary, secondary, tertiary"
448.283,193.434,G,0.116168663106963,"A, E, G","primary, secondary, tertiary"
612.046,256.489,G,0.571768580364949,"E, G","primary, secondary, tertiary"
2540.194,293.998,E,0.561894342919644,"E, G","primary, secondary, tertiary"
13361.757,490.864,R,0.340577412814627,"A, B, G, R","primary, tertiary"
21154.854,590.414,A,0.219641124227488,"A, G, R","primary, tertiary"
12147.159,438.397,R,0.067784872451602,"B, R","primary, tertiary"
14441.681,477.716,B,0.002749833176178,"B, G","secondary, tertiary"
10284.688,398.324,B,0.131913884344442,"B, G","secondary, tertiary"
7343.81,350.768,B,0.047671934369466,"B, E, G","secondary, tertiary"
1095.049,239.247,G,0.060062677461778,"B, E, G","secondary, tertiary"
12282.929,438.436,B,0.0,"B, G","primary, tertiary"
8457.905,364.811,B,0.291369067882501,"B, G, R","primary, tertiary"
10622.351,408.208,A,0.114507271861945,"B, G","secondary, tertiary"
7918.985,350.737,B,0.34063224924261,"B, G","primary, secondary, tertiary"
8038.928,365.072,G,0.091382321407875,"B, R",tertiary
17789.73,534.015,R,0.237325591922654,"A, R","primary, secondary, tertiary"
13341.477,454.368,B,0.106895353145304,B,"primary, tertiary"
14608.5,493.944,B,0.384797924685882,"B, G","secondary, tertiary"
27770.652,651.59,A,0.701749235855144,"B, E, U",tertiary
15207.442,493.066,R,0.328967898859004,"A, E, G","primary, tertiary"
2030.26,243.552,E,0.410888020846193,"E, G","primary, tertiary"
1017.222,223.657,G,0.399641757869913,"E, G",tertiary
12536.322,450.342,B,0.35227368659138,"E, G",tertiary
20743.555,660.599,B,0.205377811168285,"E, G, R","primary, tertiary"
646.32,150.147,G,0.238966354095484,"E, G, R",tertiary
5443.56,305.263,A,0.485353604229134,"A, R",tertiary
11191.56,435.593,A,0.418914173935769,"A, G, R",tertiary
23196.684,656.576,B,0.479456861090712,"A, B, G","primary, tertiary"
1036.778,226.672,G,0.579175930750067,"B, G","primary, tertiary"
1058.039,231.838,G,0.076257466964233,"B, E, G","secondary, tertiary"
2305.601,269.67,E,0.486502398133116,"B, E, G","primary, secondary, tertiary"
1145.018,249.298,G,0.475366210878757,"B, E, G","secondary, tertiary"
16170.319,510.67,B,0.421208056174955,"A, B, E, G, R","secondary, tertiary"
373.795,151.717,G,0.637455655591398,"E, G","primary, secondary, tertiary"
1447.864,186.174,E,0.629524608097032,"E, G","primary, secondary, tertiary"
12144.212,474.243,G,0.572915966018135,"E, G, R","secondary, tertiary"
11655.914,451.756,A,0.372557934037561,"A, B, G, R","secondary, tertiary"
2710.148,238.55,A,0.328518521286572,"A, B, R","secondary, tertiary"
13075.366,497.175,G,0.475940113965699,"E, G, R","secondary, tertiary"
13466.488,460.04,B,0.040828387692705,"B, R","primary, secondary, tertiary"
9247.963,377.251,G,0.159119985677323,B,"primary, secondary, tertiary"
6729.646,332.502,B,0.059355119331967,"B, E, G","primary, tertiary"
14299.822,475.564,G,0.000330774089034,B,tertiary
5450.855,294.938,A,0.527622463126285,"G, R",tertiary
6727.14,1072.256,G,0.183869925467025,"E, G, R","primary, secondary, tertiary"
5453.554,423.112,E,0.19803580169212,"E, G, R","secondary, tertiary"
888.746,367.293,G,0.203875813427243,"E, G, R","secondary, tertiary"
9816.573,388.686,B,0.125047245721689,"A, B","primary, secondary, tertiary"
10014.819,397.568,B,0.257856986482714,"B, G","secondary, tertiary"
9390.457,383.062,B,0.269252103523279,"B, G","primary, tertiary"
18270.493,537.953,B,0.05923383427971,"B, G","primary, tertiary"
8794.01,374.221,R,0.158895839617728,"B, G, R","primary, secondary, tertiary"
11774.661,438.641,A,0.227706065276518,"A, R","secondary, tertiary"
2894.577,250.884,A,0.27438925563529,"A, G, R",tertiary
5751.361,308.84,B,0.148134297900273,"B, G","primary, secondary, tertiary"
18488.558,571.686,B,0.181114462514438,"B, G","secondary, tertiary"
10914.95,444.735,R,0.250995899078479,"A, G","secondary, tertiary"
14362.93,484.103,B,0.427388017425939,"B, E, G","secondary, tertiary"
1487.774,317.815,G,0.408862392213265,"E, G, R",tertiary
4463.579,358.545,E,0.415414741364476,"E, G, R",tertiary
2114.271,323.11,G,0.422676014753018,"E, G, R",tertiary
26127.805,647.615,B,0.382944451639425,"E, G, R","primary, tertiary"
11567.177,429.878,G,0.650429039325694,"B, E, G, U","secondary, tertiary"
1234.24,285.986,G,0.553543993344482,"B, E, G","secondary, tertiary"
4305.773,333.097,E,0.568116084258291,"B, E, G, U","secondary, tertiary"
1436.457,361.429,G,0.732871033588899,"B, E, G","secondary, tertiary"
5590.52,414.286,E,0.745036313065255,"B, E, G","secondary, tertiary"
45527.553,861.963,G,0.836807945037726,"E, G","secondary, tertiary"
1522.541,324.237,G,0.551635282197962,"G, R","primary, secondary, tertiary"
32742.938,726.791,B,0.463374164878794,"E, G, R","primary, secondary, tertiary"
34676.137,790.171,A,0.649710530491672,"A, G, R","primary, tertiary"
2911.999,601.71,G,0.708371777845675,"A, G","primary, tertiary"
16293.435,518.601,R,0.607746869655503,"A, G, R",tertiary
2348.075,490.158,G,0.40115770361412,"E, G",tertiary
7333.874,603.204,E,0.412664862426751,"E, G","primary, secondary, tertiary"
4082.272,672.462,G,0.447190423523301,"E, G","primary, secondary, tertiary"
8778.403,404.383,B,0.379662439062043,"E, G",tertiary
2742.066,313.63,E,0.370766998668223,"E, G","primary, tertiary"
23316.828,622.198,G,0.301302297093059,"A, E, G, R","primary, tertiary"
24226.115,679.137,R,0.459575276842735,"G, R","primary, tertiary"
961.991,212.628,G,0.103330506864221,"B, E, G","primary, tertiary"
30246.826,719.017,A,0.151394699246097,"A, B, G","primary, secondary, tertiary"
11045.519,420.667,B,0.113134699787243,"A, B, G","secondary, tertiary"
556.639,234.347,G,0.495140601120113,"B, E, G","primary, secondary, tertiary"
1287.45,277.811,G,0.551099377843807,"E, G","secondary, tertiary"
21428.654,584.27,R,0.495348023311217,"A, B, E, G, R","secondary, tertiary"
2388.83,194.426,B,0.35909488325077,"A, B, G","secondary, tertiary"
15576.194,551.125,B,0.303729913752735,"A, B, G, R","secondary, tertiary"
14129.179,475.501,A,0.223039922396114,"A, G, R",tertiary
6069.12,310.815,A,0.174501975046025,"A, G, R",tertiary
3728.433,248.098,A,0.170306398338453,"A, G, R",tertiary
5661.993,306.198,R,0.241050210757234,"A, B, R","secondary, tertiary"
10152.856,398.585,R,0.206784319765835,R,"primary, secondary, tertiary"
10600.25,405.291,B,0.112799731988459,"B, G","primary, tertiary"
11467.202,420.76,B,0.068500142318946,"A, B","primary, secondary, tertiary"
42442.123,828.093,B,0.200953405625214,"B, E, G, R","primary, secondary, tertiary"
10999.381,412.142,B,0.032377259258232,"B, G","primary, tertiary"
15399.675,492.247,B,0.041156351608051,"B, G","primary, tertiary"
13144.551,451.384,G,0.184044329323067,"A, B","secondary, tertiary"
15399.722,492.248,R,0.136084965447172,"B, G, R","secondary, tertiary"
20958.971,576.575,R,0.22935593741925,"A, R","secondary, tertiary"
12349.633,432.029,B,0.41977642918601,"B, G","secondary, tertiary"
938.171,212.668,G,0.492425636477563,"B, E, G","secondary, tertiary"
3133.289,259.965,E,0.507538182807954,"B, E, G, U","secondary, tertiary"
16359.985,1023.815,G,0.695973309070723,"G, U",secondary
9374.757,442.169,G,0.585195023654384,"G, R","primary, tertiary"
1058.75,231.458,G,0.636346113121887,G,"primary, tertiary"
19976.523,562.999,R,0.128308618938212,"A, G","primary, tertiary"
13951.986,470.288,B,0.020303089424111,"B, R","secondary, tertiary"
11023.388,412.684,B,0.086043459399048,"B, G","primary, secondary, tertiary"
7128.075,343.977,B,0.063918063023068,"B, E, G","secondary, tertiary"
36632.846,762.542,R,0.264964029098798,"B, E, G","secondary, tertiary"
4767.337,378.146,E,0.305393699535041,"E, G, R","secondary, tertiary"
2193.694,343.224,G,0.313604904989803,"E, G, R","secondary, tertiary"
1589.113,338.174,G,0.298628963622164,"E, G, R","secondary, tertiary"
28586.12,672.29,R,0.271012480948145,"E, G","primary, secondary, tertiary"
11471.137,422.31,B,0.076841554197679,"A, B","primary, tertiary"
13038.227,452.735,B,0.183565336244575,"A, B, G","secondary, tertiary"
8111.952,360.927,G,0.326493495289357,"B, G","secondary, tertiary"
14872.916,484.258,B,0.081775950691731,"B, G, R",tertiary
5384.382,293.015,A,0.318956644246372,"A, G, R",tertiary
31432.776,789.81,A,0.345445677797028,"A, E, G, R",tertiary
15231.391,498.971,B,0.286929124091304,"B, G","secondary, tertiary"
7848.817,411.461,B,0.337945979378676,"B, G","secondary, tertiary"
7709.746,412.475,G,0.318106077775377,"B, G","secondary, tertiary"
25870.808,632.242,B,0.688508786499326,"A, B, E, G","secondary, tertiary"
3497.543,261.905,A,0.702585520299305,"A, R",tertiary
29343.65,679.119,A,0.755520964171104,"A, G, R","primary, tertiary"
4079.26,835.1,G,0.797515450093885,"A, G, R","primary, tertiary"
1027.267,221.348,G,0.42242481809762,"E, G","primary, tertiary"
25998.727,936.209,G,0.324800106785486,"A, G, R","primary, secondary, tertiary"
9942.906,400.859,B,0.336038958590571,"E, G","primary, tertiary"
666.268,278.177,G,0.380329957309282,"E, G","primary, tertiary"
21346.564,581.174,R,0.106206664879663,"A, G, R","primary, tertiary"
20119.835,596.928,R,0.513530696017155,"G, R","primary, tertiary"
25406.84,699.417,R,0.426351384465362,"A, G, R","primary, tertiary"
6784.602,337.179,A,0.350324740329542,"A, B, G",tertiary
17512.72,552.253,A,0.328767104266691,"A, G","primary, tertiary"
16657.906,526.467,R,0.278982205156612,"A, B, R","primary, secondary, tertiary"
12455.42,477.337,G,0.402068092414801,"G, R","primary, secondary, tertiary"
12119.458,435.972,R,0.04621333143076,"B, R","primary, tertiary"
21840.816,589.956,G,0.108064010345927,"A, R","primary, tertiary"
17820.936,537.227,R,0.174251775611164,"B, R","primary, tertiary"
15226.261,492.882,B,0.020014112884994,"B, G","primary, tertiary"
11775.445,426.595,B,0.037860201142526,"B, G","primary, secondary, tertiary"
12273.322,435.756,B,0.021205076080376,"B, G","primary, secondary, tertiary"
12224.847,437.4,B,0.020143630184162,"B, G","primary, tertiary"
13246.267,459.583,B,0.010469928605385,"B, G","primary, tertiary"
29315.306,686.047,R,0.157253971391304,"B, E, G","primary, tertiary"
10710.813,407.787,B,0.115371107038824,"A, B, G","secondary, tertiary"
12294.598,436.603,B,0.198867871289924,"B, G","secondary, tertiary"
7449.88,342.974,G,0.355740014727151,"B, G","primary, secondary, tertiary"
12060.561,434.136,B,0.19439411541837,"A, B","primary, secondary, tertiary"
9305.41,388.208,R,0.144735072683936,"A, B, G, R","secondary, tertiary"
10976.485,415.531,B,0.307903235799872,"B, G","secondary, tertiary"
2506.067,220.765,E,0.475105599990325,"B, E, G",tertiary
7191.032,342.059,G,0.525131293706227,"E, G","secondary, tertiary"
18313.971,543.837,R,0.125071634798207,"B, G, R","primary, tertiary"
19829.648,569.755,R,0.191231879611596,"A, G, R","primary, tertiary"
6543.2,327.002,B,0.09106958054628,"B, E, G, R","primary, tertiary"
13156.787,498.505,R,0.418425003102167,"A, E, G, R",tertiary
12843.129,446.744,B,0.018634206738634,"B, R","primary, secondary, tertiary"
12894.633,454.249,R,0.048229708091114,"B, G, R","primary, tertiary"
8256.913,357.58,B,0.122637242606698,"B, G","primary, secondary, tertiary"
10631.62,405.166,B,0.011010453798669,"B, G","primary, tertiary"
1291.634,172.134,G,0.094806520599671,"B, E, G","primary, tertiary"
32103.299,716.79,R,0.366442687701432,"A, E, G, R","secondary, tertiary"
10293.151,402.351,B,0.258953795407467,"B, G",tertiary
13999.219,487.273,B,0.24310933703403,"B, G","secondary, tertiary"
13448.092,458.912,B,0.325792581781846,"B, G",tertiary
784.057,176.122,G,0.459340948261882,"B, G",tertiary
14072.356,489.965,B,0.443713043298987,"B, G","secondary, tertiary"
10751.499,408.339,B,0.06523668745797,"B, G, R","primary, tertiary"
15375.88,505.226,R,0.442892660581056,"A, G, R",tertiary
35158.062,721.422,A,0.24844239618923,"A, G","primary, secondary, tertiary"
24825.567,676.931,G,0.2049659417445,"A, B, G",tertiary
20620.584,583.615,R,0.264135980172012,"B, G, R",tertiary
10911.206,410.766,B,0.224347880946066,"B, G","primary, secondary, tertiary"
8047.952,361.182,G,0.329222315463349,"B, G","secondary, tertiary"
12898.247,446.732,R,0.14194368586563,"B, R","primary, secondary, tertiary"
8667.226,372.878,B,0.106972364325851,"B, G, R","primary, tertiary"
18416.587,552.867,B,0.590033791778044,"A, B, U","secondary, tertiary"
10322.201,440.294,B,0.500516847723143,B,"secondary, tertiary"
4906.795,296.712,U,0.704708398324862,"E, G, U",secondary
11001.99,427.518,U,0.620211598322548,"E, G, U",secondary
20530.284,629.484,A,0.369553253474515,"B, G","secondary, tertiary"
34426.036,1000.53,G,0.300757889549405,"B, G","primary, secondary, tertiary"
