BLA,BLP,LU,MABH,BN,FAR,BD,HBN,AHBH,ABH,DHBH,ABF,CL,RBS,HBFR,BL,SBLU,SLR
245954.0976,2136.59703,R,27.0,11,0.189188744786336,0.031700073615688,0,0.0,19.90909090909091,0.0,708.7966363636364,0.005767382401944,0.181818181816529,0.0,0.943101702667982,R,"secondary, tertiary"
51907.2998,922.70988,R,60.0,19,0.838597618595448,0.175649706980135,1,60.0,18.967105263157894,0.0,479.8685263157895,0.08667821685629,0.578947368418006,1.0,0.913415867792125,R,"secondary, tertiary"
34744.65847,731.96255,R,18.0,6,0.94047952804643,0.188095905609286,0,0.0,18.0,0.0,1089.2213333333332,0.037663695888919,0.833333333319444,0.0,0.804942973408559,"B, R","secondary, tertiary"
42645.45745,807.33803,R,18.0,10,0.841314694350875,0.168262938870175,0,0.0,18.0,0.0,717.5649999999999,0.095448516047702,0.599999999994,0.0,0.696644679550776,"B, R","secondary, tertiary"
151525.5532,1568.12394,R,0.0,0,0.0,0.0,0,0.0,0.0,0.0,0.0,0.0,0.0,0.0,0.606186723521452,"A, R","secondary, tertiary"
73136.2673,1086.39843,B,18.0,7,1.030884372191633,0.206176874438327,0,0.0,18.0,0.0,2154.143857142857,0.035718285558677,0.571428571420408,0.0,0.719808861030823,"B, R","secondary, tertiary"
68042.45185,1060.59145,R,18.0,13,0.974765579379985,0.194953115875997,0,0.0,18.0,0.0,1020.3913846153846,0.13025772696315,0.384615384612426,0.0,0.558039144723245,"B, R","secondary, tertiary"
163488.2608,1658.63407,B,45.0,12,1.386893645393774,0.181086145605385,0,0.0,30.431833333333334,0.0,2467.1215833333335,0.011754451414791,0.083333333332639,0.0,0.63041998602244,"B, R","primary, secondary, tertiary"
85970.69508,1162.17435,B,200.0,3,1.750145207736059,0.131929292760116,1,200.0,78.41666666666667,0.0,3780.684333333333,0.001359021963177,0.333333333322222,1.0,0.712904892821735,B,secondary
186369.924,1760.95162,R,27.0,54,0.45983422196384,0.107668794241715,0,0.0,15.091666666666667,0.0,371.5967592592592,0.049524574834994,0.314814814814232,0.0,0.541210028038241,"B, R","primary, secondary, tertiary"
70435.61982,1064.22351,R,18.0,11,0.585977877464215,0.117195575492843,0,0.0,18.0,0.0,750.4311818181818,0.089965886235536,0.545454545449587,0.0,0.548739876359257,"B, R","secondary, tertiary"
76352.72407,1134.47165,B,0.0,0,0.0,0.0,0,0.0,0.0,0.0,0.0,0.0,0.0,0.0,0.388016205951086,"B, R","primary, tertiary"
87805.51333,1176.0822,B,200.0,10,3.226526288107289,0.165504755326507,4,171.0,80.4,50.22947341949744,1453.223,0.024210157910401,0.199999999998,0.25,0.562951541244926,"B, R","secondary, tertiary"
66465.40007,1033.92013,B,60.0,4,2.827441492898247,0.192932202115608,3,60.0,49.5,0.0,3205.8289999999997,0.183820721168075,0.4999999999875,0.666666666666667,0.310147446699434,"B, R","primary, secondary, tertiary"
139311.1514,1519.29976,A,18.0,2,0.202287115688859,0.049069144367146,0,0.0,15.0,0.0,3417.9395,0.026377809436852,0.499999999975,0.0,0.450702816754349,"A, B, R","secondary, tertiary"
134394.3014,1676.22019,R,18.0,24,0.600058627188191,0.120011725437638,0,0.0,18.0,0.0,672.0371666666666,0.069872810008015,0.499999999997917,0.0,0.340537078501502,"A, R","secondary, tertiary"
56818.45273,944.37842,R,36.0,6,1.078312063356323,0.195806863183478,0,0.0,24.0,0.0,1854.2404999999999,0.064575048449288,0.499999999991667,0.0,0.241136419454514,"B, R","secondary, tertiary"
118618.2527,1404.67233,B,18.0,3,0.03536029999201,0.009528626280296,0,0.0,15.0,0.0,376.7563333333333,0.019377677425812,0.666666666644444,0.0,0.217833591661443,"B, R","primary, secondary, tertiary"
156034.0112,1746.40151,R,56.0,25,0.965536461194301,0.144494958673472,2,55.0,23.52884,1.0,901.8451200000001,0.087519226503844,0.43999999999824,0.5,0.331897629864328,"B, R","primary, secondary, tertiary"
66788.83983,1039.36646,R,18.0,4,1.406523084382195,0.281304616876439,0,0.0,18.0,0.0,4697.00225,0.010787315873718,0.24999999999375,0.0,0.293797043728526,R,"secondary, tertiary"
56920.93497,947.78051,R,18.0,9,0.818250087152425,0.163650017430485,0,0.0,18.0,0.0,1035.0124444444446,0.034321621240409,0.666666666659259,0.0,0.173714185122821,"B, R","secondary, tertiary"
53975.8278,911.97469,B,11.0,1,0.703713394461363,0.234571131487121,0,0.0,11.0,0.0,12661.171,0.075404023537544,0.9999999999,0.0,0.168026993509618,"B, R","primary, secondary, tertiary"
69695.87589,1051.47253,R,20.25,10,0.883391810688671,0.180477178016279,0,0.0,17.925,0.0,1257.8515,0.162557402588627,0.599999999994,0.0,0.199980208023198,R,"secondary, tertiary"
59410.35831,964.5239,R,18.0,13,1.23587455266435,0.24717491053287,0,0.0,18.0,0.0,1129.5961538461538,0.087734541990355,0.307692307689941,0.0,0.125197303395985,"A, B, R","secondary, tertiary"
196924.8304,1868.3474,B,326.0,19,1.836661457396385,0.204708349465716,2,263.0,43.78947368421053,63.0,2121.6924736842107,0.077391400532919,0.315789473682549,1.0,0.348002313542017,"B, R","primary, secondary, tertiary"
69756.63952,1041.87273,B,216.0,2,1.932877471274149,0.04828122488662,2,150.0,150.0,66.0,1683.9679999999998,0.0,0.0,0.0,0.160338563128897,"B, R","primary, secondary, tertiary"
66186.01394,1013.29502,R,35.4,16,1.195242866139583,0.1376008835984,0,0.0,33.5,0.0,569.203375,0.028875517244092,0.499999999996875,0.0,0.123566351170276,"A, R","secondary, tertiary"
57399.68349,950.8991,R,18.0,16,1.088625776323074,0.217725155264615,0,0.0,18.0,0.0,781.0846875,0.10912578295274,0.624999999996094,0.0,0.095572998995808,"B, R","secondary, tertiary"
64331.21404,1002.48527,A,18.0,14,1.183444322264185,0.236688864452837,0,0.0,18.0,0.0,1087.605857142857,0.125097176923074,0.57142857142449,0.0,0.073023950218151,R,"secondary, tertiary"
72591.89502,1066.03877,R,36.429,25,0.977288001373352,0.158615641550998,0,0.0,25.4194,0.0,460.56840000000005,0.092441873272342,0.47999999999808,0.0,0.087573916587488,"B, R","secondary, tertiary"
528164.619,3143.33979,A,27.0,16,1.833523454928737,0.383134348118839,0,0.0,18.1875,0.0,12647.3754375,0.0,0.0,0.0,0.517810110988668,R,"trunk, primary, secondary, tertiary"
56860.96015,943.26201,R,35.25,16,0.940382045237061,0.14277323102853,0,0.0,27.2638125,0.0,507.3889375,0.088221057282111,0.437499999997266,0.0,0.096803204030386,"B, R","secondary, tertiary"
63418.73841,1001.80231,R,55.0,15,1.39518524364162,0.178229862078393,5,51.2842,35.24326666666666,2.532930824163976,753.5408666666667,0.147298367082043,0.599999999996,0.8,0.042653898285284,"A, R","secondary, tertiary"
56969.90733,940.51791,R,35.25,20,0.790744010501096,0.129025029958742,0,0.0,23.517500000000002,0.0,367.5272,0.085955857077678,0.399999999998,0.0,0.045124365614498,R,"secondary, tertiary"
276339.9069,2504.60867,R,99.0,34,0.552223743982162,0.100311740388735,2,81.0,21.441176470588236,18.0,815.2981470588235,0.002029131419694,0.088235294117388,0.0,0.571624113623462,"A, R","primary, tertiary"
117150.7185,1391.02077,B,18.0,6,0.06604150703523,0.013208301407046,0,0.0,18.0,0.0,257.89366666666666,0.058286486685626,0.999999999983333,0.0,0.258368698960681,R,"primary, secondary, tertiary"
84280.84203,1147.10514,R,56.0,9,1.152515312619024,0.088664776241083,7,53.75714285714286,51.7,2.968336303076737,830.3046666666667,0.037188796603507,0.555555555549383,0.428571428571429,0.034418528745757,"B, R","secondary, tertiary"
64796.46348,1002.25289,R,35.25,14,1.127881462582563,0.170363680471655,0,0.0,26.15357142857143,0.0,788.4974285714286,0.099313525765658,0.57142857142449,0.0,0.098274833021733,"B, R","secondary, tertiary"
54892.46228,924.31836,R,21.0,10,0.498771304160925,0.138068319131703,0,0.0,15.0333,0.0,757.891,0.022491179981005,0.699999999993,0.0,0.01357512644851,R,"secondary, tertiary"
186895.8072,2368.0423,R,36.0,20,0.429832414132402,0.083416403147646,0,0.0,19.35,0.0,779.5088,0.013229281596009,0.24999999999875,0.0,0.660290909762714,R,"trunk, primary, tertiary"
271065.2883,2302.66074,B,232.0,20,1.795669191185037,0.194906785488255,2,232.0,44.91345,0.0,2641.6232,0.037547943080082,0.24999999999875,0.0,0.107935774017575,"B, R","primary, secondary, tertiary"
60505.51019,969.64318,R,35.4,14,1.191817865406879,0.193917098842002,0,0.0,26.50714285714286,0.0,838.0752142857143,0.113445738642866,0.785714285708674,0.0,0.044349918151732,R,"secondary, tertiary"
121391.097,1423.85202,R,18.0,11,0.435470691891021,0.087094138378204,0,0.0,18.0,0.0,961.1320909090908,0.004307464366138,0.181818181816529,0.0,0.191049603382027,"A, B, R","secondary, tertiary"
72651.15292,1066.81425,R,54.0,8,0.823549064195635,0.083816866701418,3,54.0,39.0,0.0,761.174,0.022272638063303,0.624999999992187,1.0,0.004695317437765,"B, R","secondary, tertiary"
345397.4472,2360.94439,M,18.0,26,0.468072721181363,0.15407776876007,0,0.0,13.673076923076923,0.0,2046.8487692307692,0.028985424841541,0.192307692306953,0.0,0.353251713435156,B,"secondary, tertiary"
93091.82606,1254.33484,B,18.0,5,1.81991236148709,0.363982472297418,0,0.0,18.0,0.0,6776.758600000001,0.004702570320699,0.199999999996,0.0,0.389186692393193,"B, R","primary, secondary, tertiary"
57830.38608,949.03273,R,27.0,13,0.735753068311523,0.134136092214033,0,0.0,18.692307692307693,0.0,596.7032307692308,0.064857837498906,0.769230769224852,0.0,0.011359855902459,R,"secondary, tertiary"
87628.32849,1221.46194,R,55.0,11,1.077230943766916,0.092264409687133,7,53.795857142857145,42.715545454545456,1.236233499508132,734.9978181818182,0.008420829557101,0.454545454541322,0.714285714285714,0.129906341378489,"B, R, M","primary, secondary, tertiary"
128126.7639,1447.4707,A,30.0,13,1.312779741563425,0.258221085064024,0,0.0,19.26923076923077,0.0,2545.0024615384614,0.022199566441056,0.15384615384497,0.0,0.140273397114782,R,"secondary, tertiary"
77627.47342,1096.23857,R,18.0,18,0.930266590145064,0.186053318029013,0,0.0,18.0,0.0,802.3805,0.110522892891887,0.333333333331482,0.0,0.0,"B, R","secondary, tertiary"
81889.13518,1266.44707,R,54.0,11,1.316522817868645,0.134619580189344,4,51.0,39.0,3.0,1002.1709999999999,0.077372729938317,0.545454545449587,0.75,0.073717962809732,"R, M","primary, secondary, tertiary"
76532.80105,1134.30531,R,56.4,12,1.091531315382321,0.109443844797054,5,56.129999999999995,43.219500000000004,0.166132477258361,698.0036666666666,0.081479256642697,0.666666666661111,0.4,0.036376343429683,R,"primary, secondary, tertiary"
244413.5355,1957.91422,R,60.0,70,1.013425089135458,0.162042204082433,4,60.0,21.58297142857143,0.0,565.7901142857143,0.068119949142422,0.214285714285408,0.0,0.308821254668583,"A, B, R","secondary, tertiary"
102562.0266,1277.18888,R,55.2,15,0.96585733808033,0.095078795956631,4,54.83125,38.141466666666666,0.332309625951462,650.0982666666666,0.052055313947353,0.466666666663556,0.5,0.019810707143465,"A, B, R","primary, secondary, tertiary"
476550.3764,3169.62076,M,18.0,18,0.550845041783499,0.173568682549046,0,0.0,14.092166666666666,0.0,4595.2345000000005,0.011948722042092,0.222222222220988,0.0,0.407413530676312,"B, R, M","primary, secondary, tertiary"
259133.6753,2020.03862,R,27.0,76,0.823715535053039,0.184370240358336,0,0.0,15.457671052631577,0.0,628.6386578947369,0.044003935160627,0.02631578947365,0.0,0.524741705322587,"A, B, R","trunk, secondary, tertiary"
259354.4085,2285.92471,B,60.667,11,2.259558356417914,0.229774640595708,3,54.800000000000004,34.27881818181818,5.559909411732054,5417.551454545454,0.046797667314585,0.454545454541322,0.333333333333333,0.019509655639893,R,"primary, secondary, tertiary"
288346.0508,2144.4678,M,27.0,66,0.71619708828001,0.205296708020667,0,0.0,12.844984848484849,0.0,896.9165909090909,0.046011487470273,0.212121212120891,0.0,0.200294274825729,"A, R, M","primary, secondary, tertiary"
172350.7988,1792.19826,A,22.5,31,0.496229455247526,0.13531275841119,0,0.0,14.750548387096774,0.0,752.2987741935483,0.021889393132712,0.19354838709615,0.0,0.102835402752536,"A, R","primary, secondary, tertiary"
6317.11209,343.14186,A,0.0,0,0.0,0.0,0,0.0,0.0,0.0,0.0,0.0,0.0,0.0,0.157764614473609,"A, R",secondary
890445.8998,3774.51963,A,39.0,18,0.570198290669921,0.11692157493609,0,0.0,16.613500000000002,0.0,5784.018722222222,0.0,0.0,0.0,0.17239789207449,A,"secondary, tertiary"
91635.13167,1184.19404,B,78.0,8,1.964487219249936,0.332735736221811,1,78.0,27.0,0.0,3811.2853750000004,0.035416091965007,0.249999999996875,0.0,0.078562743026228,R,"primary, secondary, tertiary"
142770.633,1531.59219,R,85.8,23,1.319703051257047,0.155002688823268,8,64.923875,37.16008695652174,15.06347348254628,962.1666086956521,0.000391991679636,0.043478260869376,0.125,0.139819941980598,"B, R","trunk, primary, secondary, tertiary"
39139.71944,789.42728,B,32.727,7,1.675654908577955,0.304079824032586,0,0.0,19.881285714285713,0.0,1700.2284285714286,0.159001789704913,0.71428571427551,0.0,0.173276297092731,"B, R","secondary, tertiary"
74147.60234,1069.78171,R,25.5,20,0.835685619554721,0.213226058578444,0,0.0,15.38175,0.0,790.51005,0.02891021431814,0.54999999999725,0.0,0.248986627092294,R,"primary, secondary, tertiary"
89129.64349,1187.90087,R,90.0,15,1.313933484016901,0.249957838129349,1,90.0,22.733333333333334,0.0,1485.2435333333333,0.193750812067944,0.533333333329778,0.0,0.664039725000685,R,"secondary, tertiary"
541260.3355,2978.92254,A,18.0,25,0.543689128315962,0.139053483256765,0,0.0,14.16,0.0,3010.5654000000004,0.035430460520968,0.1999999999992,0.0,0.536939170532199,"A, R","trunk, primary, secondary, tertiary"
90637.36263,1183.8455,R,60.0,9,1.065189764999233,0.163759089732022,4,60.0,35.666666666666664,0.0,1649.188,0.03248139227758,0.444444444439506,0.0,0.215308886013449,"B, R","secondary, tertiary"
82066.99723,1122.20406,R,18.0,19,0.748481741422185,0.15927899693181,0,0.0,17.736842105263158,0.0,687.9762631578948,0.006597773509338,0.210526315788366,0.0,0.355020090459967,R,"primary, secondary, tertiary"
58577.46061,969.30696,R,52.0,22,1.65259280603697,0.258328712826051,3,48.891999999999996,17.472454545454546,2.301737314870371,687.829090909091,0.156446373233271,0.499999999997727,0.666666666666667,0.394910017776141,"R, M","secondary, tertiary"
84434.34143,1133.09285,R,27.0,20,0.800158168533962,0.1882996507195,0,0.0,17.250999999999998,0.0,794.94785,0.012001070718817,0.399999999998,0.0,0.483821847661288,R,"primary, secondary, tertiary"
95442.87924,1222.11233,R,27.429,24,0.983606579637381,0.206518507791823,0,0.0,17.706625,0.0,821.2800416666668,0.105479479598597,0.499999999997917,0.0,0.304666049625932,R,"secondary, tertiary"
74901.14713,1081.99641,R,50.0,14,0.790876004838566,0.115948197494582,2,49.0,27.39392857142857,1.0,620.3323571428572,0.030859032874038,0.642857142852551,0.5,0.61587826418953,R,"primary, tertiary"
83883.08723,1132.92064,R,18.0,23,1.030293386353706,0.206058677270741,0,0.0,18.0,0.0,751.5146956521739,0.139612968383271,0.478260869563138,0.0,0.413391633244706,R,"secondary, tertiary"
57146.10903,1151.19821,B,18.0,15,1.109917876765721,0.270091127147384,0,0.0,14.45,0.0,1028.9771333333333,0.138121184558725,0.799999999994667,0.0,0.304339728033204,"B, R","trunk, secondary, tertiary"
66783.00523,1036.04274,R,0.0,0,0.0,0.0,0,0.0,0.0,0.0,0.0,0.0,0.0,0.0,0.319820857634658,"A, R","secondary, tertiary"
122294.9692,1435.69427,R,9.0,2,0.01326826451337,0.006634132256685,0,0.0,9.0,0.0,405.66049999999996,0.018046232852084,0.99999999995,0.0,0.336381860444449,"B, R","secondary, tertiary"
81848.42407,1117.9995,R,57.6,14,1.045690799456342,0.162910210569189,3,57.4,27.1645,0.28284271247462,952.4245714285714,0.064363384759736,0.499999999996429,0.0,0.541725914774355,"A, R","secondary, tertiary"
140413.9489,1459.96164,R,33.0,41,1.008985347323994,0.203051137179434,0,0.0,18.998170731707315,0.0,695.3954146341463,0.092440673802582,0.341463414633313,0.0,0.404122973821134,R,"secondary, tertiary"
61717.86025,969.18729,R,22.5,16,0.902376488335887,0.200755874390509,0,0.0,15.78125,0.0,774.3889375,0.088957663853463,0.812499999994922,0.0,0.670900803890031,R,"secondary, tertiary"
133851.1035,1439.87618,R,39.0,69,1.270268847652795,0.302134819531017,0,0.0,15.414333333333332,0.0,586.1025942028986,0.368481422556083,0.376811594202352,0.0,0.472267067233106,"A, R","trunk, secondary, tertiary"
69071.0522,1061.40474,A,18.0,6,0.926421054289368,0.222043830396433,0,0.0,14.751333333333333,0.0,2556.1335,0.068316818385422,0.666666666655556,0.0,0.467627159095666,R,"trunk, secondary, tertiary"
91593.12916,1181.26793,R,34.0,31,0.898799743550546,0.171893657792792,0,0.0,18.724064516129033,0.0,507.87993548387095,0.087573904163714,0.419354838708325,0.0,0.504460402572323,"A, R","secondary, tertiary"
204791.2529,1835.92103,R,27.0,27,0.604746029169882,0.127354379792458,0,0.0,17.944444444444443,0.0,965.9652962962963,0.013762058921328,0.185185185184499,0.0,0.79342251927047,R,"trunk, primary, secondary, tertiary"
84996.28647,1142.8128,A,18.0,6,1.030558811894879,0.212309463736034,0,0.0,17.0,0.0,3007.586,0.079597179083734,0.499999999991667,0.0,0.626127091889524,R,"secondary, tertiary"
129531.2866,1439.32916,R,29.2,39,1.246238119277663,0.283222323833538,0,0.0,16.316564102564104,0.0,940.6705641025642,0.174289735890608,0.333333333332479,0.0,0.501635917534068,"B, R","trunk, secondary, tertiary"
54687.65515,913.01906,R,18.0,15,1.064958624396241,0.21312617935494,0,0.0,17.4,0.0,777.0247333333333,0.114566774439407,0.599999999996,0.0,0.745697242296918,"A, R","secondary, tertiary"
87274.43217,1180.28088,R,19.5,21,0.567529031910744,0.167047973129196,0,0.0,11.966666666666667,0.0,694.2389047619048,0.053232398509582,0.380952380950567,0.0,0.893505623120839,R,"secondary, tertiary"
114348.2564,1349.46524,R,30.0,24,0.975253751223792,0.199487676665615,0,0.0,19.012125,0.0,950.4611666666666,0.073405958516166,0.208333333332465,0.0,0.550449086822962,R,"trunk, secondary, tertiary"
86767.74856,1156.10734,R,30.0,7,0.512901668403046,0.095610478981869,0,0.0,19.714285714285715,0.0,1185.1294285714284,0.034130070070253,0.428571428565306,0.0,0.86593180453265,"A, R","trunk, tertiary"
71642.64575,1025.41469,R,21.0,9,0.190506308876791,0.056447803646336,0,0.0,14.333333333333334,0.0,449.3411111111111,0.075215703792947,0.444444444439506,0.0,1.0,R,residential
60011.53829,978.6574,R,27.0,10,1.047177239422169,0.176796917764862,0,0.0,18.9,0.0,1060.9855,0.034089025163975,0.499999999995,0.0,0.320932672184808,"A, R","trunk, secondary, tertiary"
91231.51716,1262.18633,R,31.8,37,1.269510884016959,0.255485272256542,0,0.0,17.79589189189189,0.0,629.9542972972973,0.208823069587218,0.432432432431264,0.0,0.550254734279189,R,"trunk, secondary, tertiary"
90461.3737,1252.06775,R,21.6,35,1.16386317931849,0.271959920502512,0,0.0,17.131028571428573,0.0,702.9105142857144,0.340740882272237,0.65714285714098,0.0,0.607864039605695,R,"trunk, secondary, tertiary"
123858.9997,1436.93921,R,90.0,39,2.003483829201311,0.255281982549388,2,90.0,25.26923076923077,0.0,810.7428461538462,0.211367098236139,0.615384615383037,0.5,0.785633826195165,R,"secondary, tertiary"
57122.33183,969.52194,R,60.0,9,1.886944152083646,0.171196687647546,8,60.0,55.52377777777778,0.0,1086.5726666666667,0.114514861249757,0.444444444439506,0.375,0.314921642577799,"A, R","secondary, tertiary"
125492.2846,1610.57277,A,27.0,19,0.862384475228527,0.248036324298458,0,0.0,15.451947368421052,0.0,1638.2444736842106,0.149043051978288,0.631578947365097,0.0,0.128327057945446,"A, R, M","primary, secondary, tertiary"
53279.33074,928.73512,R,63.0,4,0.846939279703122,0.083867175843583,2,63.0,40.5,0.0,1117.09675,0.042760583402846,0.4999999999875,0.5,0.347485881859646,"A, R, M","secondary, tertiary"
86464.95196,1237.87874,R,18.0,19,1.583530111291118,0.316706022258224,0,0.0,18.0,0.0,1441.2616315789473,0.226539258879211,0.631578947365097,0.0,0.507594027418544,R,"trunk, secondary, tertiary"
108227.9009,1340.95346,R,28.8,33,1.329643565137278,0.28262846960566,0,0.0,16.107515151515152,0.0,926.9177575757576,0.15280904999012,0.363636363635262,0.0,0.481750732262168,R,"trunk, secondary, tertiary"
318670.1642,2476.0722,R,60.0,38,1.180917673748134,0.178963434318273,8,60.0,25.027763157894736,0.0,1500.797552631579,0.0057376432228,0.026315789473615,0.125,0.797248199748868,"B, R","secondary, tertiary"
46232.45993,865.71181,R,18.0,9,0.910272394411179,0.191596964847031,0,0.0,16.61111111111111,0.0,984.2221111111111,0.088705314208099,0.777777777769136,0.0,0.854338544993616,R,"secondary, tertiary"
45577.51634,854.6771,R,57.0,12,1.057048471895737,0.129738508695579,3,57.0,32.977666666666664,0.0,492.76324999999997,0.018364794179199,0.666666666661111,0.666666666666667,0.777944765446868,R,"secondary, tertiary"
48660.98266,879.40715,R,57.0,13,0.886472172200067,0.13681098564153,4,57.0,31.881846153846155,0.0,512.1043846153846,0.084530160633263,0.461538461534911,0.25,0.730240547650692,R,"secondary, tertiary"
94787.79386,1222.68426,R,18.0,23,0.943260533440165,0.188652106688033,0,0.0,18.0,0.0,777.4746521739131,0.103563720280977,0.434782608693762,0.0,0.7378460722588,"A, R","trunk, secondary, tertiary"
99994.8291,1253.32934,R,87.0,11,0.921952153223891,0.105891965567648,4,87.0,43.09090909090909,0.0,962.6044545454545,0.035973232092905,0.363636363633058,0.25,0.631718367834605,R,"trunk, secondary, tertiary"
78691.99865,1107.30657,R,55.125,27,1.510849769222376,0.215490460160018,5,54.985,27.877407407407404,0.083066238629181,628.050925925926,0.203908676188003,0.481481481479698,0.0,0.141257997374672,"A, B, R","secondary, tertiary"
57286.6492,949.12587,R,60.0,8,0.932020562305816,0.114145740610013,2,60.0,28.5,0.0,817.378375,0.038329039658217,0.49999999999375,0.0,0.228600753605594,"A, R","trunk, secondary, tertiary"
27125.72264,685.42221,A,18.0,4,0.546656183018467,0.137248030196625,0,0.0,12.525,0.0,930.738,0.005424499149604,0.4999999999875,0.0,0.223455468270743,"A, R","secondary, tertiary"
60312.1767,982.99009,A,18.0,21,1.202949221363453,0.390795313477718,0,0.0,12.02552380952381,0.0,1122.3674285714285,0.036342786460292,0.428571428569388,0.0,0.226104989356419,"A, R","secondary, tertiary"
46465.27914,857.51605,R,0.0,0,0.0,0.0,0,0.0,0.0,0.0,0.0,0.0,0.0,0.0,0.255372205689318,"A, R, M","secondary, tertiary"
103998.5511,1374.62719,M,27.0,29,1.23505595646707,0.437835119031769,0,0.0,12.418965517241379,0.0,1570.145448275862,0.299549623532854,0.689655172411415,0.0,0.329934318877123,"R, M","secondary, tertiary"
58556.46628,970.46625,R,20.25,21,1.054855217947076,0.241989670828887,0,0.0,16.88095238095238,0.0,674.7647619047618,0.116149809745154,0.57142857142585,0.0,0.454481875501088,"R, M","secondary, tertiary"
62097.7303,1007.73999,R,30.0,6,0.764760189632889,0.095595023704111,0,0.0,30.0,0.0,989.3723333333332,0.004727286342711,0.333333333327778,0.0,0.451921109400436,"R, M","secondary, tertiary"
74967.8706,1098.8206,R,60.0,21,1.640959453902376,0.174775258989416,6,60.0,33.22857142857143,0.0,623.9299523809524,0.090047323563436,0.476190476188209,0.333333333333333,0.542607876310922,"R, M","secondary, tertiary"
74784.57181,1118.13106,R,21.0,4,0.146205824749243,0.029241164949848,0,0.0,21.0,0.0,546.697,0.0,0.0,0.0,0.579813908489711,"R, M","secondary, tertiary"
111069.9014,1366.55526,R,30.0,44,1.326868990990209,0.293112540748145,0,0.0,17.772204545454546,0.0,739.908659090909,0.229561550706382,0.409090909089979,0.0,0.680154622103558,R,"trunk, secondary, tertiary"
112680.3531,1364.13334,R,27.0,8,0.60209293930585,0.118682846051536,0,0.0,19.125,0.0,1671.653125,0.016035145211864,0.124999999998437,0.0,0.43701402003575,R,"secondary, tertiary"
123967.6327,1680.82583,R,30.0,20,0.586771421021094,0.111512825557086,0,0.0,18.95,0.0,691.1990499999999,0.026603241909857,0.199999999999,0.0,0.415070316822852,"B, R","secondary, tertiary"
229641.5943,1927.37874,B,18.0,6,0.261326569269511,0.052265313853902,0,0.0,18.0,0.0,2000.381666666667,0.00486911031552,0.333333333327778,0.0,0.390228822153006,"B, M","primary, secondary, tertiary"
78718.14049,1123.90049,B,0.0,0,0.0,0.0,0,0.0,0.0,0.0,0.0,0.0,0.0,0.0,0.183101662925923,"B, R, M","secondary, tertiary"
112901.0796,1371.02603,B,27.0,4,1.649177843645704,0.363722961246156,0,0.0,19.63625,0.0,10266.17875,0.047334967985983,0.4999999999875,0.0,0.217982474888024,"B, R, M","primary, secondary, tertiary"
68401.29578,1048.97817,B,18.0,3,1.542463103905837,0.308492620781167,0,0.0,18.0,0.0,7033.764999999999,0.054119475493406,0.333333333322222,0.0,0.179168371366524,"B, R, M","secondary, tertiary"
96212.58575,1251.33479,B,18.0,9,1.189299758529772,0.237859951705954,0,0.0,18.0,0.0,2542.791222222222,0.045137604531084,0.33333333332963,0.0,0.555637795470426,"B, R","trunk, primary, secondary, tertiary"
141956.9846,1544.29612,B,60.0,12,2.242732922913889,0.253094732191149,4,60.0,40.91075,0.0,2994.0470833333334,0.08689162828131,0.416666666663194,0.25,0.738680285434437,"B, R","secondary, tertiary"
128413.5474,1444.25141,B,60.0,6,0.779945831478525,0.069659348107067,4,57.0,45.0,5.196152422706632,1490.8673333333334,0.015824256321162,0.499999999991667,0.25,0.446807119041358,"A, B","secondary, tertiary"
128784.7049,1462.97101,B,48.0,12,1.48600661195443,0.166342990936962,2,48.0,27.900000000000002,0.0,1785.2027499999997,0.058576778534914,0.249999999997917,0.5,0.567883809556635,"A, B, R","secondary, tertiary"
133273.5053,1471.10178,A,18.0,2,1.47670918954962,0.295341837909924,0,0.0,18.0,0.0,19680.621,0.016926247671507,0.499999999975,0.0,0.3258527776136,"A, B, R","secondary, tertiary"
